{"N": 300, "L": 16, "h0": 1.0, "Q": 0.75, "t-span": {"8": 20, "10": 30, "16": 40, "32": 50, "64": 90, "80": 100, "180": 200, "360": 400}, "Q-list": [0.1, 0.25, 0.5, 0.75, 0.9, 0.95], "L-list": [8, 10, 16, 32, 64, 80, 180, 360], "n-list": [0.25, 0.5, 0.75, 1.0, 1.25, 1.4], "colors": ["red", "green", "blue", "black", "purple", "cyan", "orange", "pink"], "dx": 0.05333333333333334, "x": [0.0, 0.05351170568561873, 0.10702341137123746, 0.1605351170568562, 0.2140468227424749, 0.26755852842809363, 0.3210702341137124, 0.3745819397993311, 0.4280936454849498, 0.4816053511705686, 0.5351170568561873, 0.588628762541806, 0.6421404682274248, 0.6956521739130435, 0.7491638795986622, 0.802675585284281, 0.8561872909698997, 0.9096989966555183, 0.9632107023411371, 1.0167224080267558, 1.0702341137123745, 1.1237458193979932, 1.177257525083612, 1.2307692307692308, 1.2842809364548495, 1.3377926421404682, 1.391304347826087, 1.4448160535117056, 1.4983277591973243, 1.5518394648829432, 1.605351170568562, 1.6588628762541806, 1.7123745819397993, 1.765886287625418, 1.8193979933110367, 1.8729096989966554, 1.9264214046822743, 1.979933110367893, 2.0334448160535117, 2.0869565217391304, 2.140468227424749, 2.1939799331103678, 2.2474916387959865, 2.301003344481605, 2.354515050167224, 2.408026755852843, 2.4615384615384617, 2.5150501672240804, 2.568561872909699, 2.6220735785953178, 2.6755852842809364, 2.729096989966555, 2.782608695652174, 2.8361204013377925, 2.8896321070234112, 2.94314381270903, 2.9966555183946486, 3.0501672240802673, 3.1036789297658864, 3.157190635451505, 3.210702341137124, 3.2642140468227425, 3.317725752508361, 3.37123745819398, 3.4247491638795986, 3.4782608695652173, 3.531772575250836, 3.5852842809364547, 3.6387959866220734, 3.692307692307692, 3.7458193979933108, 3.79933110367893, 3.8528428093645486, 3.9063545150501673, 3.959866220735786, 4.013377926421405, 4.066889632107023, 4.120401337792642, 4.173913043478261, 4.2274247491638794, 4.280936454849498, 4.334448160535117, 4.3879598662207355, 4.441471571906354, 4.494983277591973, 4.548494983277592, 4.60200668896321, 4.655518394648829, 4.709030100334448, 4.762541806020066, 4.816053511705686, 4.869565217391305, 4.923076923076923, 4.976588628762542, 5.030100334448161, 5.083612040133779, 5.137123745819398, 5.190635451505017, 5.2441471571906355, 5.297658862876254, 5.351170568561873, 5.404682274247492, 5.45819397993311, 5.511705685618729, 5.565217391304348, 5.618729096989966, 5.672240802675585, 5.725752508361204, 5.7792642140468224, 5.832775919732441, 5.88628762541806, 5.9397993311036785, 5.993311036789297, 6.046822742474916, 6.100334448160535, 6.153846153846153, 6.207357859531773, 6.260869565217392, 6.31438127090301, 6.367892976588629, 6.421404682274248, 6.474916387959866, 6.528428093645485, 6.581939799331104, 6.635451505016722, 6.688963210702341, 6.74247491638796, 6.7959866220735785, 6.849498327759197, 6.903010033444816, 6.956521739130435, 7.010033444816053, 7.063545150501672, 7.117056856187291, 7.170568561872909, 7.224080267558528, 7.277591973244147, 7.331103678929765, 7.384615384615384, 7.438127090301003, 7.4916387959866215, 7.545150501672241, 7.59866220735786, 7.6521739130434785, 7.705685618729097, 7.759197324414716, 7.812709030100335, 7.866220735785953, 7.919732441471572, 7.973244147157191, 8.02675585284281, 8.080267558528428, 8.133779264214047, 8.187290969899665, 8.240802675585284, 8.294314381270903, 8.347826086956522, 8.40133779264214, 8.454849498327759, 8.508361204013378, 8.561872909698996, 8.615384615384615, 8.668896321070234, 8.722408026755852, 8.775919732441471, 8.82943143812709, 8.882943143812708, 8.936454849498327, 8.989966555183946, 9.043478260869565, 9.096989966555183, 9.150501672240802, 9.20401337792642, 9.25752508361204, 9.311036789297658, 9.364548494983277, 9.418060200668895, 9.471571906354514, 9.525083612040133, 9.578595317725751, 9.632107023411372, 9.68561872909699, 9.73913043478261, 9.792642140468228, 9.846153846153847, 9.899665551839465, 9.953177257525084, 10.006688963210703, 10.060200668896321, 10.11371237458194, 10.167224080267559, 10.220735785953178, 10.274247491638796, 10.327759197324415, 10.381270903010034, 10.434782608695652, 10.488294314381271, 10.54180602006689, 10.595317725752508, 10.648829431438127, 10.702341137123746, 10.755852842809364, 10.809364548494983, 10.862876254180602, 10.91638795986622, 10.96989966555184, 11.023411371237458, 11.076923076923077, 11.130434782608695, 11.183946488294314, 11.237458193979933, 11.290969899665551, 11.34448160535117, 11.397993311036789, 11.451505016722408, 11.505016722408026, 11.558528428093645, 11.612040133779264, 11.665551839464882, 11.719063545150501, 11.77257525083612, 11.826086956521738, 11.879598662207357, 11.933110367892976, 11.986622073578594, 12.040133779264213, 12.093645484949832, 12.14715719063545, 12.20066889632107, 12.254180602006688, 12.307692307692307, 12.361204013377927, 12.414715719063546, 12.468227424749164, 12.521739130434783, 12.575250836120402, 12.62876254180602, 12.68227424749164, 12.735785953177258, 12.789297658862877, 12.842809364548495, 12.896321070234114, 12.949832775919733, 13.003344481605351, 13.05685618729097, 13.110367892976589, 13.163879598662207, 13.217391304347826, 13.270903010033445, 13.324414715719064, 13.377926421404682, 13.431438127090301, 13.48494983277592, 13.538461538461538, 13.591973244147157, 13.645484949832776, 13.698996655518394, 13.752508361204013, 13.806020066889632, 13.85953177257525, 13.91304347826087, 13.966555183946488, 14.020066889632107, 14.073578595317725, 14.127090301003344, 14.180602006688963, 14.234113712374581, 14.2876254180602, 14.341137123745819, 14.394648829431437, 14.448160535117056, 14.501672240802675, 14.555183946488294, 14.608695652173912, 14.66220735785953, 14.71571906354515, 14.769230769230768, 14.822742474916387, 14.876254180602006, 14.929765886287624, 14.983277591973243, 15.036789297658862, 15.090301003344482, 15.143812709030101, 15.19732441471572, 15.250836120401338, 15.304347826086957, 15.357859531772576, 15.411371237458194, 15.464882943143813, 15.518394648829432, 15.57190635451505, 15.62541806020067, 15.678929765886288, 15.732441471571907, 15.785953177257525, 15.839464882943144, 15.892976588628763, 15.946488294314381, 16.0]}