{"N": 200, "L": 15, "h0": 1.0, "Q": 0.75, "t-span": [0, 100], "Q-list": [0.1, 0.25, 0.5, 0.75, 0.9, 0.95], "L-list": [8, 10, 16, 32, 64, 80], "n-list": [0.25, 0.5, 0.75, 1.0, 1.25, 1.4], "colors": ["red", "green", "blue", "black", "purple", "cyan"], "dx": 0.075, "x": [0.0, 0.07537688442211055, 0.1507537688442211, 0.22613065326633164, 0.3015075376884422, 0.37688442211055273, 0.4522613065326633, 0.5276381909547738, 0.6030150753768844, 0.6783919597989949, 0.7537688442211055, 0.829145728643216, 0.9045226130653266, 0.9798994974874371, 1.0552763819095476, 1.1306532663316582, 1.2060301507537687, 1.2814070351758793, 1.3567839195979898, 1.4321608040201004, 1.507537688442211, 1.5829145728643215, 1.658291457286432, 1.7336683417085426, 1.809045226130653, 1.8844221105527637, 1.9597989949748742, 2.0351758793969847, 2.1105527638190953, 2.185929648241206, 2.2613065326633164, 2.336683417085427, 2.4120603015075375, 2.487437185929648, 2.5628140703517586, 2.638190954773869, 2.7135678391959797, 2.78894472361809, 2.8643216080402008, 2.9396984924623113, 3.015075376884422, 3.0904522613065324, 3.165829145728643, 3.2412060301507535, 3.316582914572864, 3.3919597989949746, 3.467336683417085, 3.5427135678391957, 3.618090452261306, 3.6934673366834168, 3.7688442211055273, 3.844221105527638, 3.9195979899497484, 3.994974874371859, 4.0703517587939695, 4.14572864321608, 4.221105527638191, 4.296482412060302, 4.371859296482412, 4.447236180904522, 4.522613065326633, 4.597989949748744, 4.673366834170854, 4.748743718592964, 4.824120603015075, 4.899497487437186, 4.974874371859296, 5.050251256281406, 5.125628140703517, 5.201005025125628, 5.276381909547738, 5.351758793969848, 5.427135678391959, 5.50251256281407, 5.57788944723618, 5.6532663316582905, 5.7286432160804015, 5.8040201005025125, 5.879396984924623, 5.954773869346733, 6.030150753768844, 6.105527638190955, 6.180904522613065, 6.256281407035175, 6.331658291457286, 6.407035175879397, 6.482412060301507, 6.557788944723617, 6.633165829145728, 6.708542713567839, 6.783919597989949, 6.859296482412059, 6.93467336683417, 7.010050251256281, 7.085427135678391, 7.160804020100501, 7.236180904522612, 7.311557788944723, 7.3869346733668335, 7.462311557788944, 7.537688442211055, 7.613065326633166, 7.688442211055276, 7.763819095477386, 7.839195979899497, 7.914572864321608, 7.989949748743718, 8.065326633165828, 8.140703517587939, 8.21608040201005, 8.29145728643216, 8.36683417085427, 8.442211055276381, 8.517587939698492, 8.592964824120603, 8.668341708542712, 8.743718592964823, 8.819095477386934, 8.894472361809044, 8.969849246231155, 9.045226130653266, 9.120603015075377, 9.195979899497488, 9.271356783919597, 9.346733668341708, 9.422110552763819, 9.497487437185928, 9.572864321608039, 9.64824120603015, 9.72361809045226, 9.798994974874372, 9.874371859296481, 9.949748743718592, 10.025125628140703, 10.100502512562812, 10.175879396984923, 10.251256281407034, 10.326633165829145, 10.402010050251256, 10.477386934673365, 10.552763819095476, 10.628140703517587, 10.703517587939697, 10.778894472361808, 10.854271356783919, 10.92964824120603, 11.00502512562814, 11.08040201005025, 11.15577889447236, 11.231155778894472, 11.306532663316581, 11.381909547738692, 11.457286432160803, 11.532663316582914, 11.608040201005025, 11.683417085427134, 11.758793969849245, 11.834170854271356, 11.909547738693465, 11.984924623115576, 12.060301507537687, 12.135678391959798, 12.21105527638191, 12.286432160804019, 12.36180904522613, 12.43718592964824, 12.51256281407035, 12.58793969849246, 12.663316582914572, 12.738693467336683, 12.814070351758794, 12.889447236180903, 12.964824120603014, 13.040201005025125, 13.115577889447234, 13.190954773869345, 13.266331658291456, 13.341708542713567, 13.417085427135678, 13.492462311557787, 13.567839195979898, 13.64321608040201, 13.718592964824118, 13.79396984924623, 13.86934673366834, 13.944723618090451, 14.020100502512562, 14.095477386934672, 14.170854271356783, 14.246231155778894, 14.321608040201003, 14.396984924623114, 14.472361809045225, 14.547738693467336, 14.623115577889447, 14.698492462311556, 14.773869346733667, 14.849246231155778, 14.924623115577887, 15.0]}