{"N": 350, "L": 15, "h0": 1.0, "Q": 0.75, "t-span": [0, 40], "Q-list": [0.1, 0.25, 0.5, 0.75, 0.9, 0.95], "L-list": [8, 10, 16, 32, 64, 80], "n-list": [0.25, 0.5, 0.75, 1.0, 1.25, 1.4], "colors": ["red", "green", "blue", "black", "purple", "cyan"], "dx": 0.04285714285714286, "x": [0.0, 0.04297994269340974, 0.08595988538681948, 0.12893982808022922, 0.17191977077363896, 0.2148997134670487, 0.25787965616045844, 0.30085959885386815, 0.3438395415472779, 0.3868194842406877, 0.4297994269340974, 0.4727793696275071, 0.5157593123209169, 0.5587392550143266, 0.6017191977077363, 0.6446991404011461, 0.6876790830945558, 0.7306590257879656, 0.7736389684813754, 0.816618911174785, 0.8595988538681948, 0.9025787965616046, 0.9455587392550142, 0.988538681948424, 1.0315186246418337, 1.0744985673352434, 1.1174785100286533, 1.160458452722063, 1.2034383954154726, 1.2464183381088825, 1.2893982808022921, 1.332378223495702, 1.3753581661891117, 1.4183381088825213, 1.4613180515759312, 1.5042979942693409, 1.5472779369627507, 1.5902578796561604, 1.63323782234957, 1.67621776504298, 1.7191977077363896, 1.7621776504297992, 1.8051575931232091, 1.8481375358166188, 1.8911174785100284, 1.9340974212034383, 1.977077363896848, 2.0200573065902576, 2.0630372492836675, 2.1060171919770774, 2.148997134670487, 2.1919770773638967, 2.2349570200573066, 2.277936962750716, 2.320916905444126, 2.3638968481375358, 2.406876790830945, 2.449856733524355, 2.492836676217765, 2.535816618911175, 2.5787965616045843, 2.621776504297994, 2.664756446991404, 2.7077363896848134, 2.7507163323782233, 2.793696275071633, 2.8366762177650426, 2.8796561604584525, 2.9226361031518624, 2.965616045845272, 3.0085959885386817, 3.0515759312320916, 3.0945558739255015, 3.137535816618911, 3.180515759312321, 3.2234957020057307, 3.26647564469914, 3.30945558739255, 3.35243553008596, 3.3954154727793693, 3.438395415472779, 3.481375358166189, 3.5243553008595985, 3.5673352435530084, 3.6103151862464182, 3.6532951289398277, 3.6962750716332375, 3.7392550143266474, 3.782234957020057, 3.8252148997134667, 3.8681948424068766, 3.9111747851002865, 3.954154727793696, 3.997134670487106, 4.040114613180515, 4.083094555873926, 4.126074498567335, 4.169054441260744, 4.212034383954155, 4.255014326647564, 4.297994269340974, 4.340974212034384, 4.383954154727793, 4.426934097421203, 4.469914040114613, 4.512893982808023, 4.555873925501432, 4.598853868194842, 4.641833810888252, 4.684813753581661, 4.7277936962750715, 4.770773638968481, 4.81375358166189, 4.856733524355301, 4.89971346704871, 4.9426934097421205, 4.98567335243553, 5.028653295128939, 5.07163323782235, 5.114613180515759, 5.1575931232091685, 5.200573065902579, 5.243553008595988, 5.286532951289398, 5.329512893982808, 5.3724928366762175, 5.415472779369627, 5.458452722063037, 5.501432664756447, 5.544412607449856, 5.587392550143266, 5.630372492836676, 5.673352435530085, 5.716332378223496, 5.759312320916905, 5.8022922636103145, 5.845272206303725, 5.888252148997134, 5.931232091690544, 5.974212034383954, 6.017191977077363, 6.060171919770773, 6.103151862464183, 6.146131805157593, 6.189111747851003, 6.232091690544412, 6.275071633237822, 6.318051575931232, 6.361031518624642, 6.404011461318051, 6.446991404011461, 6.489971346704871, 6.53295128939828, 6.5759312320916905, 6.6189111747851, 6.661891117478509, 6.70487106017192, 6.747851002865329, 6.790830945558739, 6.833810888252149, 6.876790830945558, 6.919770773638968, 6.962750716332378, 7.0057306590257875, 7.048710601719197, 7.091690544412607, 7.134670487106017, 7.177650429799426, 7.2206303724928365, 7.263610315186246, 7.306590257879655, 7.349570200573066, 7.392550143266475, 7.4355300859598845, 7.478510028653295, 7.521489971346704, 7.564469914040114, 7.607449856733524, 7.6504297994269335, 7.693409742120344, 7.736389684813753, 7.779369627507163, 7.822349570200573, 7.865329512893982, 7.908309455587392, 7.951289398280802, 7.994269340974212, 8.037249283667622, 8.08022922636103, 8.12320916905444, 8.166189111747851, 8.20916905444126, 8.25214899713467, 8.29512893982808, 8.338108882521489, 8.3810888252149, 8.42406876790831, 8.467048710601718, 8.510028653295128, 8.553008595988539, 8.595988538681947, 8.638968481375358, 8.681948424068768, 8.724928366762176, 8.767908309455587, 8.810888252148997, 8.853868194842406, 8.896848137535816, 8.939828080229226, 8.982808022922635, 9.025787965616045, 9.068767908309455, 9.111747851002864, 9.154727793696274, 9.197707736389685, 9.240687679083093, 9.283667621776504, 9.326647564469914, 9.369627507163322, 9.412607449856733, 9.455587392550143, 9.498567335243552, 9.541547277936962, 9.584527220630372, 9.62750716332378, 9.670487106017191, 9.713467048710601, 9.756446991404012, 9.79942693409742, 9.84240687679083, 9.885386819484241, 9.92836676217765, 9.97134670487106, 10.01432664756447, 10.057306590257879, 10.100286532951289, 10.1432664756447, 10.186246418338108, 10.229226361031518, 10.272206303724928, 10.315186246418337, 10.358166189111747, 10.401146131805158, 10.444126074498566, 10.487106017191977, 10.530085959885387, 10.573065902578795, 10.616045845272206, 10.659025787965616, 10.702005730659025, 10.744985673352435, 10.787965616045845, 10.830945558739254, 10.873925501432664, 10.916905444126074, 10.959885386819483, 11.002865329512893, 11.045845272206304, 11.088825214899712, 11.131805157593123, 11.174785100286533, 11.217765042979941, 11.260744985673352, 11.303724928366762, 11.34670487106017, 11.38968481375358, 11.432664756446991, 11.4756446991404, 11.51862464183381, 11.56160458452722, 11.604584527220629, 11.64756446991404, 11.69054441260745, 11.733524355300858, 11.776504297994268, 11.819484240687679, 11.862464183381087, 11.905444126074498, 11.948424068767908, 11.991404011461317, 12.034383954154727, 12.077363896848137, 12.120343839541546, 12.163323782234956, 12.206303724928366, 12.249283667621775, 12.292263610315185, 12.335243553008596, 12.378223495702006, 12.421203438395414, 12.464183381088825, 12.507163323782235, 12.550143266475644, 12.593123209169054, 12.636103151862464, 12.679083094555873, 12.722063037249283, 12.765042979942693, 12.808022922636102, 12.851002865329512, 12.893982808022923, 12.936962750716331, 12.979942693409741, 13.022922636103152, 13.06590257879656, 13.10888252148997, 13.151862464183381, 13.19484240687679, 13.2378223495702, 13.28080229226361, 13.323782234957019, 13.366762177650429, 13.40974212034384, 13.452722063037248, 13.495702005730658, 13.538681948424069, 13.581661891117477, 13.624641833810887, 13.667621776504298, 13.710601719197706, 13.753581661891117, 13.796561604584527, 13.839541547277936, 13.882521489971346, 13.925501432664756, 13.968481375358165, 14.011461318051575, 14.054441260744985, 14.097421203438394, 14.140401146131804, 14.183381088825215, 14.226361031518623, 14.269340974212033, 14.312320916905444, 14.355300859598852, 14.398280802292263, 14.441260744985673, 14.484240687679081, 14.527220630372492, 14.570200573065902, 14.61318051575931, 14.656160458452721, 14.699140401146131, 14.74212034383954, 14.78510028653295, 14.82808022922636, 14.871060171919769, 14.91404011461318, 14.95702005730659, 15.0]}